stage,scenario,item_budget,attempts,wins,win_rate,mean_moves_left_on_win,mean_items,hammer,bomb,shuffle,extra_moves,score_shortfall,collection_shortfall,frost_shortfall
1-1,current,0,24,24,1.000,15.333,0.000,0,0,0,0,0,0,0
1-1,current,2,24,24,1.000,15.333,0.000,0,0,0,0,0,0,0
1-2,current,0,24,24,1.000,9.167,0.000,0,0,0,0,0,0,0
1-2,current,2,24,24,1.000,9.167,0.000,0,0,0,0,0,0,0
1-3,current,0,24,24,1.000,8.917,0.000,0,0,0,0,0,0,0
1-3,current,2,24,24,1.000,8.917,0.000,0,0,0,0,0,0,0
1-4,current,0,24,21,0.875,6.048,0.000,0,0,0,0,3,0,0
1-4,current,2,24,24,1.000,5.833,0.292,4,0,0,3,0,0,0
1-5,current,0,24,24,1.000,10.833,0.000,0,0,0,0,0,0,0
1-5,current,2,24,24,1.000,10.833,0.000,0,0,0,0,0,0,0
1-6,current,0,24,24,1.000,10.292,0.000,0,0,0,0,0,0,0
1-6,current,2,24,24,1.000,10.417,0.042,0,1,0,0,0,0,0
1-7,current,0,24,24,1.000,13.917,0.000,0,0,0,0,0,0,0
1-7,current,2,24,24,1.000,13.917,0.000,0,0,0,0,0,0,0
1-8,current,0,24,23,0.958,10.217,0.000,0,0,0,0,0,0,1
1-8,current,2,24,24,1.000,10.042,0.125,0,3,0,0,0,0,0
1-9,current,0,24,24,1.000,7.708,0.000,0,0,0,0,0,0,0
1-9,current,2,24,24,1.000,7.833,0.083,1,1,0,0,0,0,0
1-10,current,0,24,23,0.958,9.478,0.000,0,0,0,0,0,0,1
1-10,current,2,24,24,1.000,9.333,0.083,0,2,0,0,0,0,0
2-1,current,0,24,22,0.917,6.818,0.000,0,0,0,0,0,2,0
2-1,current,2,24,24,1.000,6.750,0.333,5,0,0,3,0,0,0
2-2,current,0,24,24,1.000,6.583,0.000,0,0,0,0,0,0,0
2-2,current,2,24,24,1.000,6.625,0.083,2,0,0,0,0,0,0
2-3,current,0,24,23,0.958,10.783,0.000,0,0,0,0,0,0,1
2-3,current,2,24,24,1.000,10.542,0.083,1,1,0,0,0,0,0
2-4,current,0,24,24,1.000,11.125,0.000,0,0,0,0,0,0,0
2-4,current,2,24,24,1.000,11.125,0.000,0,0,0,0,0,0,0
2-5,current,0,24,22,0.917,7.682,0.000,0,0,0,0,1,0,1
2-5,current,2,24,24,1.000,7.375,0.125,1,2,0,0,0,0,0
2-6,current,0,24,24,1.000,11.625,0.000,0,0,0,0,0,0,0
2-6,current,2,24,24,1.000,11.625,0.000,0,0,0,0,0,0,0
2-7,current,0,24,23,0.958,5.609,0.000,0,0,0,0,1,0,0
2-7,current,2,24,24,1.000,5.458,0.083,1,0,0,1,0,0,0
2-8,current,0,24,24,1.000,7.625,0.000,0,0,0,0,0,0,0
2-8,current,2,24,24,1.000,7.833,0.125,2,0,0,1,0,0,0
2-9,current,0,24,22,0.917,7.273,0.000,0,0,0,0,0,1,1
2-9,current,2,24,24,1.000,7.125,0.167,1,2,0,1,0,0,0
2-10,current,0,24,24,1.000,7.792,0.000,0,0,0,0,0,0,0
2-10,current,2,24,24,1.000,7.792,0.000,0,0,0,0,0,0,0
3-1,current,0,24,23,0.958,10.609,0.000,0,0,0,0,0,0,1
3-1,current,2,24,24,1.000,10.333,0.042,0,1,0,0,0,0,0
3-2,current,0,24,23,0.958,7.174,0.000,0,0,0,0,1,0,0
3-2,current,2,24,24,1.000,7.208,0.167,1,2,0,1,0,0,0
3-3,current,0,24,24,1.000,9.000,0.000,0,0,0,0,0,0,0
3-3,current,2,24,24,1.000,9.000,0.000,0,0,0,0,0,0,0
3-4,current,0,24,23,0.958,8.261,0.000,0,0,0,0,0,1,0
3-4,current,2,24,24,1.000,8.125,0.083,1,0,0,1,0,0,0
3-5,current,0,24,24,1.000,7.375,0.000,0,0,0,0,0,0,0
3-5,current,2,24,24,1.000,7.458,0.083,1,1,0,0,0,0,0
3-6,current,0,24,21,0.875,6.238,0.000,0,0,0,0,1,0,2
3-6,current,2,24,24,1.000,6.042,0.208,1,4,0,0,0,0,0
3-7,current,0,24,24,1.000,5.958,0.000,0,0,0,0,0,0,0
3-7,current,2,24,24,1.000,6.083,0.125,2,1,0,0,0,0,0
3-8,current,0,24,20,0.833,3.150,0.000,0,0,0,0,3,0,2
3-8,current,2,24,24,1.000,3.750,0.625,8,3,0,4,0,0,0
3-9,current,0,24,23,0.958,5.870,0.000,0,0,0,0,0,0,1
3-9,current,2,24,24,1.000,5.917,0.208,1,4,0,0,0,0,0
3-10,current,0,24,20,0.833,5.150,0.000,0,0,0,0,2,2,2
3-10,current,2,24,22,0.917,5.227,0.542,7,5,0,1,0,1,1
4-1,current,0,24,24,1.000,9.292,0.000,0,0,0,0,0,0,0
4-1,current,2,24,24,1.000,9.292,0.000,0,0,0,0,0,0,0
4-2,current,0,24,24,1.000,5.833,0.000,0,0,0,0,0,0,0
4-2,current,2,24,24,1.000,5.875,0.042,1,0,0,0,0,0,0
4-3,current,0,24,22,0.917,6.182,0.000,0,0,0,0,1,2,0
4-3,current,2,24,24,1.000,6.167,0.250,3,0,0,3,0,0,0
4-4,current,0,24,21,0.875,6.333,0.000,0,0,0,0,1,2,1
4-4,current,2,24,23,0.958,6.043,0.292,3,1,0,3,1,1,0
4-5,current,0,24,18,0.750,4.667,0.000,0,0,0,0,0,1,5
4-5,current,2,24,24,1.000,4.458,0.375,2,6,0,1,0,0,0
4-6,current,0,24,22,0.917,5.909,0.000,0,0,0,0,2,0,0
4-6,current,2,24,23,0.958,5.870,0.208,3,0,0,2,1,0,0
4-7,current,0,24,17,0.708,4.412,0.000,0,0,0,0,2,6,0
4-7,current,2,24,24,1.000,4.250,0.792,10,2,0,7,0,0,0
4-8,current,0,24,19,0.792,4.895,0.000,0,0,0,0,5,0,0
4-8,current,2,24,24,1.000,4.958,0.625,8,0,0,7,0,0,0
4-9,current,0,24,22,0.917,4.318,0.000,0,0,0,0,2,0,0
4-9,current,2,24,24,1.000,4.625,0.417,4,3,0,3,0,0,0
4-10,current,0,24,19,0.792,4.842,0.000,0,0,0,0,4,2,0
4-10,current,2,24,23,0.958,5.130,0.625,6,4,0,5,1,0,0
5-1,current,0,24,19,0.792,4.316,0.000,0,0,0,0,2,4,0
5-1,current,2,24,22,0.917,5.136,0.792,10,0,0,9,1,2,0
5-2,current,0,24,21,0.875,5.905,0.000,0,0,0,0,2,2,0
5-2,current,2,24,23,0.958,6.087,0.583,9,1,0,4,1,1,0
5-3,current,0,24,16,0.667,5.938,0.000,0,0,0,0,8,1,0
5-3,current,2,24,22,0.917,5.455,0.833,12,0,0,8,2,1,0
5-4,current,0,24,23,0.958,6.609,0.000,0,0,0,0,0,1,1
5-4,current,2,24,24,1.000,6.500,0.042,0,1,0,0,0,0,0
5-5,current,0,24,17,0.708,3.647,0.000,0,0,0,0,7,4,0
5-5,current,2,24,24,1.000,3.750,0.875,11,1,0,9,0,0,0
5-6,current,0,96,64,0.667,4.250,0.000,0,0,0,0,26,8,20
5-6,current,2,96,90,0.938,3.867,0.802,37,31,0,9,3,0,3
5-6,moves+2,0,96,73,0.760,5.521,0.000,0,0,0,0,12,7,16
5-6,moves+2,2,96,90,0.938,5.233,0.542,23,21,0,8,2,0,4
5-6,moves+4,0,96,80,0.833,6.875,0.000,0,0,0,0,5,1,13
5-6,moves+4,2,96,95,0.990,6.505,0.333,10,20,0,2,0,0,1
5-7,current,0,24,21,0.875,5.000,0.000,0,0,0,0,3,3,0
5-7,current,2,24,23,0.958,5.478,0.500,6,2,0,4,0,1,0
5-8,current,0,24,23,0.958,5.174,0.000,0,0,0,0,1,0,0
5-8,current,2,24,24,1.000,5.167,0.167,3,0,0,1,0,0,0
5-9,current,0,96,58,0.604,5.397,0.000,0,0,0,0,28,34,1
5-9,current,2,96,87,0.906,4.437,0.833,44,4,0,32,1,9,0
5-9,moves+2,0,96,68,0.708,6.353,0.000,0,0,0,0,19,23,0
5-9,moves+2,2,96,92,0.958,5.554,0.698,37,2,0,28,1,3,0
5-9,moves+4,0,96,75,0.781,7.640,0.000,0,0,0,0,11,17,0
5-9,moves+4,2,96,94,0.979,6.777,0.510,28,1,0,20,0,2,0
5-10,current,0,24,21,0.875,5.714,0.000,0,0,0,0,0,3,0
5-10,current,2,24,24,1.000,5.375,0.292,6,0,0,1,0,0,0
