stage,refill_seed,moves,target,frost_target,successful_routes,attempts,best_score,mean_moves_left_on_win
1-1,5408,20,500,0,16,16,550,16.44
1-1,110137,20,500,0,8,8,600,14.38
1-1,214866,20,500,0,8,8,590,14.63
1-2,13327,20,600,0,16,16,850,8.88
1-2,118056,20,600,0,8,8,740,8.00
1-2,222785,20,600,0,8,8,670,10.25
1-3,21246,20,750,0,16,16,1190,11.00
1-3,125975,20,750,0,8,8,880,9.25
1-3,230704,20,750,0,8,8,940,6.88
1-4,29165,20,850,0,15,16,1020,7.47
1-4,133894,20,850,0,6,8,1010,6.33
1-4,238623,20,850,0,8,8,1030,5.13
1-5,37084,26,850,3,16,16,1030,10.81
1-5,141813,26,850,3,8,8,930,11.00
1-5,246542,26,850,3,8,8,1110,10.50
1-6,45003,26,867,6,16,16,1530,10.88
1-6,149732,26,867,6,8,8,1170,9.25
1-6,254461,26,867,6,8,8,990,10.88
1-7,52922,26,884,6,16,16,1000,12.81
1-7,157651,26,884,6,8,8,990,16.13
1-7,262380,26,884,6,8,8,970,13.50
1-8,60841,26,901,6,16,16,1140,11.50
1-8,165570,26,901,6,7,8,1650,8.00
1-8,270299,26,901,6,8,8,2040,11.75
1-9,68760,26,918,7,16,16,1480,8.13
1-9,173489,26,918,7,8,8,1650,7.88
1-9,278218,26,918,7,8,8,1040,6.75
1-10,76679,26,935,7,15,16,1630,10.13
1-10,181408,26,935,7,8,8,1270,9.13
1-10,286137,26,935,7,8,8,1550,10.88
2-1,163788,24,952,6,14,16,1380,5.79
2-1,268517,24,952,6,8,8,1120,7.38
2-1,373246,24,952,6,8,8,1240,8.13
2-2,171707,24,969,6,15,16,1270,5.40
2-2,276436,24,969,6,8,8,1100,7.75
2-2,381165,24,969,6,8,8,1200,6.25
2-3,179626,24,986,7,16,16,1500,12.13
2-3,284355,24,986,7,8,8,1110,7.63
2-3,389084,24,986,7,7,8,1560,12.43
2-4,187545,24,1003,7,16,16,1200,10.31
2-4,292274,24,1003,7,8,8,1160,13.25
2-4,397003,24,1003,7,8,8,1410,10.25
2-5,195464,24,1020,7,15,16,1460,5.87
2-5,300193,24,1020,7,8,8,1380,8.50
2-5,404922,24,1020,7,7,8,1690,6.71
2-6,203383,24,1037,7,16,16,1160,10.31
2-6,308112,24,1037,7,8,8,1130,12.63
2-6,412841,24,1037,7,8,8,1210,11.88
2-7,211302,24,1054,7,15,16,1490,4.47
2-7,316031,24,1054,7,8,8,1200,6.50
2-7,420760,24,1054,7,7,8,1190,5.00
2-8,219221,24,1071,7,16,16,1300,6.69
2-8,323950,24,1071,7,8,8,1280,10.63
2-8,428679,24,1071,7,8,8,1260,5.25
2-9,227140,24,1088,8,12,16,1470,7.08
2-9,331869,24,1088,8,8,8,1440,8.88
2-9,436598,24,1088,8,8,8,1870,5.38
2-10,235059,24,1105,8,15,16,1300,7.20
2-10,339788,24,1105,8,8,8,1370,6.88
2-10,444517,24,1105,8,8,8,1300,8.63
3-1,322168,28,1122,7,16,16,1270,11.56
3-1,426897,28,1122,7,8,8,1250,10.63
3-1,531626,28,1122,7,7,8,1600,10.43
3-2,330087,28,1139,7,15,16,1320,6.53
3-2,434816,28,1139,7,8,8,1320,7.25
3-2,539545,28,1139,7,8,8,1310,7.75
3-3,338006,28,1156,8,16,16,1400,8.25
3-3,442735,28,1156,8,8,8,1280,8.13
3-3,547464,28,1156,8,8,8,1320,10.63
3-4,345925,28,1173,8,16,16,1540,9.25
3-4,450654,28,1173,8,8,8,1670,7.50
3-4,555383,28,1173,8,7,8,1750,7.00
3-5,353844,28,1190,8,16,16,1480,9.19
3-5,458573,28,1190,8,8,8,1340,7.50
3-5,563302,28,1190,8,8,8,1310,5.88
3-6,361763,28,1207,9,15,16,1530,6.27
3-6,466492,28,1207,9,7,8,1990,7.00
3-6,571221,28,1207,9,7,8,1710,6.00
3-7,369682,28,1224,9,16,16,1590,6.25
3-7,474411,28,1224,9,8,8,1750,5.00
3-7,579140,28,1224,9,8,8,1480,7.00
3-8,377601,28,1241,9,14,16,1890,6.79
3-8,482330,28,1241,9,7,8,1490,2.29
3-8,587059,28,1241,9,7,8,1500,2.71
3-9,385520,28,1258,10,11,16,1840,4.18
3-9,490249,28,1258,10,8,8,1730,7.88
3-9,594978,28,1258,10,8,8,1660,6.38
3-10,393439,28,1275,10,15,16,1550,5.80
3-10,498168,28,1275,10,6,8,1920,7.67
3-10,602897,28,1275,10,6,8,1890,1.33
4-1,480548,27,1292,9,16,16,1580,9.31
4-1,585277,27,1292,9,8,8,1440,8.38
4-1,690006,27,1292,9,8,8,1410,7.50
4-2,488467,27,1309,9,16,16,1420,6.75
4-2,593196,27,1309,9,8,8,1370,8.25
4-2,697925,27,1309,9,8,8,1460,4.63
4-3,496386,27,1326,10,15,16,1670,6.00
4-3,601115,27,1326,10,8,8,1460,6.50
4-3,705844,27,1326,10,7,8,1640,7.29
4-4,504305,27,1343,10,14,16,1670,6.86
4-4,609034,27,1343,10,7,8,1490,7.00
4-4,713763,27,1343,10,6,8,1450,4.00
4-5,512224,27,1360,10,13,16,2040,4.38
4-5,616953,27,1360,10,5,8,2250,4.20
4-5,721682,27,1360,10,6,8,1550,5.83
4-6,520143,27,1377,10,16,16,1650,9.44
4-6,624872,27,1377,10,7,8,1490,4.57
4-6,729601,27,1377,10,7,8,1600,3.43
4-7,528062,27,1394,10,10,16,1920,2.40
4-7,632791,27,1394,10,7,8,1580,4.43
4-7,737520,27,1394,10,6,8,1740,6.00
4-8,535981,27,1411,10,14,16,1660,7.36
4-8,640710,27,1411,10,7,8,1600,5.00
4-8,745439,27,1411,10,6,8,1730,3.50
4-9,543900,27,1428,11,15,16,1790,4.80
4-9,648629,27,1428,11,7,8,1730,4.14
4-9,753358,27,1428,11,8,8,1610,4.88
4-10,551819,27,1445,11,11,16,1740,5.36
4-10,656548,27,1445,11,7,8,2110,6.14
4-10,761277,27,1445,11,5,8,1520,2.20
5-1,638928,29,1462,10,11,16,1850,6.55
5-1,743657,29,1462,10,8,8,1840,4.88
5-1,848386,29,1462,10,7,8,1530,2.86
5-2,646847,29,1479,10,11,16,1840,2.82
5-2,751576,29,1479,10,7,8,1750,7.86
5-2,856305,29,1479,10,8,8,1630,6.88
5-3,654766,29,1496,11,16,16,1830,8.13
5-3,759495,29,1496,11,5,8,1660,5.60
5-3,864224,29,1496,11,3,8,1590,2.67
5-4,662685,29,1513,11,15,16,1790,6.40
5-4,767414,29,1513,11,8,8,1800,4.88
5-4,872143,29,1513,11,8,8,1790,8.75
5-5,670604,29,1530,11,12,16,1710,3.17
5-5,775333,29,1530,11,7,8,1610,4.00
5-5,880062,29,1530,11,5,8,2300,5.60
5-6,678523,29,1547,12,5,16,2110,3.20
5-6,783252,29,1547,12,5,8,1590,6.20
5-6,887981,29,1547,12,6,8,1630,3.00
5-7,686442,29,1564,12,10,16,1860,3.90
5-7,791171,29,1564,12,8,8,2260,7.38
5-7,895900,29,1564,12,8,8,2280,4.00
5-8,694361,29,1581,12,12,16,1810,5.42
5-8,799090,29,1581,12,8,8,1740,5.50
5-8,903819,29,1581,12,8,8,1830,4.13
5-9,702280,29,1598,12,5,16,1750,3.20
5-9,807009,29,1598,12,4,8,1670,4.00
5-9,911738,29,1598,12,8,8,1810,6.63
5-10,710199,29,1615,12,15,16,1910,5.80
5-10,814928,29,1615,12,7,8,2230,4.71
5-10,919657,29,1615,12,7,8,2210,7.14
